{
    "name": "DS_BLOB_JSON",
    "properties": {
        "linkedServiceName": {
            "referenceName": "LS_BLOB",
            "type": "LinkedServiceReference",
            "parameters": {
                "STR_SECRETNAME": {
                    "value": "@dataset().STR_BlobSecret",
                    "type": "Expression"
                }
            }
        },
        "parameters": {
            "STR_BlobSecret": {
                "type": "string"
            },
            "STR_BlobContainer": {
                "type": "string"
            },
            "STR_BlobDirectory": {
                "type": "string"
            },
            "STR_BlobFileName": {
                "type": "string"
            }
        },
        "annotations": [],
        "type": "Json",
        "typeProperties": {
            "location": {
                "type": "AzureBlobStorageLocation",
                "fileName": {
                    "value": "@dataset().STR_BlobFileName",
                    "type": "Expression"
                },
                "folderPath": {
                    "value": "@dataset().STR_BlobDirectory",
                    "type": "Expression"
                },
                "container": {
                    "value": "@dataset().STR_BlobContainer",
                    "type": "Expression"
                }
            }
        },
        "schema": {}
    }
}