{
    "name": "LS_BLOB",
    "properties": {
        "type": "AzureBlobStorage",
        "parameters": {
            "STR_SECRETNAME": {
                "type": "string"
            }
        },
        "annotations": [],
        "typeProperties": {
            "connectionString": {
                "type": "AzureKeyVaultSecret",
                "store": {
                    "referenceName": "LS_KV_ConnectionStrings",
                    "type": "LinkedServiceReference"
                },
                "secretName": {
                    "value": "@linkedService().STR_SECRETNAME",
                    "type": "Expression"
                },
                "secretVersion": ""
            }
        }
    }
}